<application>
  <component name="ProjectJdkTable">
    <jdk version="2">
      <name value="Python 3.7 (PythonEnv)" />
      <type value="Python SDK" />
      <version value="Python 3.7.0" />
      <homePath value="E:\Uitls\PythonEnv\Scripts\python.exe" />
      <roots>
        <classPath>
          <root type="composite">
            <root url="file://C:/Program Files (x86)/Microsoft Visual Studio/Shared/Python37_64/DLLs" type="simple" />
            <root url="file://C:/Program Files (x86)/Microsoft Visual Studio/Shared/Python37_64/Lib" type="simple" />
            <root url="file://C:/Program Files (x86)/Microsoft Visual Studio/Shared/Python37_64" type="simple" />
            <root url="file://E:/Uitls/PythonEnv" type="simple" />
            <root url="file://E:/Uitls/PythonEnv/Lib/site-packages" type="simple" />
            <root url="file://$USER_HOME$/AppData/Roaming/Python/Python37/site-packages" type="simple" />
            <root url="file://C:/Program Files (x86)/Microsoft Visual Studio/Shared/Python37_64/Lib/site-packages" type="simple" />
            <root url="file://$USER_HOME$/.PyCharm2019.1/system/python_stubs/1170790663" type="simple" />
            <root url="file://$APPLICATION_HOME_DIR$/helpers/python-skeletons" type="simple" />
            <root url="file://$APPLICATION_HOME_DIR$/helpers/typeshed/stdlib/3" type="simple" />
            <root url="file://$APPLICATION_HOME_DIR$/helpers/typeshed/stdlib/2and3" type="simple" />
            <root url="file://$APPLICATION_HOME_DIR$/helpers/typeshed/third_party/3" type="simple" />
            <root url="file://$APPLICATION_HOME_DIR$/helpers/typeshed/third_party/2and3" type="simple" />
          </root>
        </classPath>
        <sourcePath>
          <root type="composite" />
        </sourcePath>
      </roots>
      <additional />
    </jdk>
    <jdk version="2">
      <name value="Python 3.7" />
      <type value="Python SDK" />
      <version value="Python 3.7.0" />
      <homePath value="C:\Program Files (x86)\Microsoft Visual Studio\Shared\Python37_64\python.exe" />
      <roots>
        <classPath>
          <root type="composite">
            <root url="file://C:/Program Files (x86)/Microsoft Visual Studio/Shared/Python37_64" type="simple" />
            <root url="file://C:/Program Files (x86)/Microsoft Visual Studio/Shared/Python37_64/DLLs" type="simple" />
            <root url="file://C:/Program Files (x86)/Microsoft Visual Studio/Shared/Python37_64/Lib" type="simple" />
            <root url="file://$USER_HOME$/AppData/Roaming/Python/Python37/site-packages" type="simple" />
            <root url="jar://$USER_HOME$/AppData/Roaming/Python/Python37/site-packages/func_timeout-4.3.5-py3.7.egg!/" type="simple" />
            <root url="file://C:/Program Files (x86)/Microsoft Visual Studio/Shared/Python37_64/Lib/site-packages" type="simple" />
            <root url="jar://C:/Program Files (x86)/Microsoft Visual Studio/Shared/Python37_64/Lib/site-packages/func_timeout-4.3.5-py3.7.egg!/" type="simple" />
            <root url="file://C:/Program Files (x86)/Microsoft Visual Studio/Shared/Python37_64/Lib/site-packages/win32" type="simple" />
            <root url="file://C:/Program Files (x86)/Microsoft Visual Studio/Shared/Python37_64/Lib/site-packages/win32/lib" type="simple" />
            <root url="file://C:/Program Files (x86)/Microsoft Visual Studio/Shared/Python37_64/Lib/site-packages/pythonwin" type="simple" />
            <root url="file://$USER_HOME$/.PyCharm2019.1/system/python_stubs/-1880355584" type="simple" />
            <root url="file://$APPLICATION_HOME_DIR$/helpers/python-skeletons" type="simple" />
            <root url="file://$APPLICATION_HOME_DIR$/helpers/typeshed/stdlib/3" type="simple" />
            <root url="file://$APPLICATION_HOME_DIR$/helpers/typeshed/stdlib/2and3" type="simple" />
            <root url="file://$APPLICATION_HOME_DIR$/helpers/typeshed/third_party/3" type="simple" />
            <root url="file://$APPLICATION_HOME_DIR$/helpers/typeshed/third_party/2and3" type="simple" />
          </root>
        </classPath>
        <sourcePath>
          <root type="composite" />
        </sourcePath>
      </roots>
      <additional />
    </jdk>
    <jdk version="2">
      <name value="Python 3.5 (soda)" />
      <type value="Python SDK" />
      <version value="Python 3.5.3" />
      <homePath value="C:\salt\bin\python.exe" />
      <roots>
        <classPath>
          <root type="composite">
            <root url="file://C:/Program Files (x86)/Microsoft Visual Studio/Shared/Python37_64" type="simple" />
            <root url="file://C:/salt/bin/DLLs" type="simple" />
            <root url="file://C:/salt/bin/Lib" type="simple" />
            <root url="file://C:/salt/bin" type="simple" />
            <root url="file://$USER_HOME$/AppData/Roaming/Python/Python35/site-packages" type="simple" />
            <root url="file://C:/salt/bin/Lib/site-packages" type="simple" />
            <root url="file://C:/salt/bin/Lib/site-packages/win32" type="simple" />
            <root url="file://C:/salt/bin/Lib/site-packages/win32/lib" type="simple" />
            <root url="file://$USER_HOME$/.PyCharm2019.1/system/python_stubs/1757981993" type="simple" />
            <root url="file://$APPLICATION_HOME_DIR$/helpers/python-skeletons" type="simple" />
            <root url="file://$APPLICATION_HOME_DIR$/helpers/typeshed/stdlib/3" type="simple" />
            <root url="file://$APPLICATION_HOME_DIR$/helpers/typeshed/stdlib/2and3" type="simple" />
            <root url="file://$APPLICATION_HOME_DIR$/helpers/typeshed/third_party/3" type="simple" />
            <root url="file://$APPLICATION_HOME_DIR$/helpers/typeshed/third_party/2and3" type="simple" />
          </root>
        </classPath>
        <sourcePath>
          <root type="composite" />
        </sourcePath>
      </roots>
      <additional />
    </jdk>
  </component>
</application>