<keymap version="1" name="MyShortCuts" parent="$default">
  <action id="ChooseRunConfiguration" />
  <action id="ForceStepInto">
    <keyboard-shortcut first-keystroke="shift alt f11" />
  </action>
  <action id="ForceStepOver">
    <keyboard-shortcut first-keystroke="shift alt f10" />
  </action>
  <action id="Run" />
  <action id="ShowBookmarks" />
  <action id="SmartStepInto">
    <keyboard-shortcut first-keystroke="shift f11" />
  </action>
  <action id="StepInto">
    <keyboard-shortcut first-keystroke="f11" />
  </action>
  <action id="StepOut">
    <keyboard-shortcut first-keystroke="shift f10" />
  </action>
  <action id="StepOver">
    <keyboard-shortcut first-keystroke="f10" />
  </action>
  <action id="ToggleBookmark" />
</keymap>